,BFR_ID,BTO_ID,CI,RL_PU,XL_PU,B_MVAR,L1_MVA,L2_MVA,L3_MVA,BFR_LB,BTO_LB,LEN_KM,ARE,OWN,ZE_R,ZE_X,ZE_C,BR_NAME,BUS_CTR1,CTR1,BUS_CTR2,CTR2,BFR_SH1,GSHT_F1,BSHT_F1,BTO_SH1,GSHT_T1,BSHT_T1,BFR_SH2,GSHT_F2,BSHT_F2,BTO_SH2,GSHT_T2,BSHT_T2,BFR_SH3,GSHT_F3,BSHT_F3,BTO_SH3,GSHT_T3,BSHT_T3
0,4,5,1,0.010000,0.085000,17.600,300.00,300.00,300.00,1,1,0.00,1,0,0.1000E-01,0.8500E-01,0.0000,0,0,0,0,0,0,0.00000,0.00000,0,0.00000,0.00000,0,0.00000,0.00000,0,0.00000,0.00000,0,0.00000,0.00000,0,0.00000,0.00000
1,4,6,1,0.017000,0.092000,15.800,300.00,300.00,300.00,1,1,0.00,3,0,0.1700E-01,0.9200E-01,0.0000,0,0,0,0,0,0,0.00000,0.00000,0,0.00000,0.00000,0,0.00000,0.00000,0,0.00000,0.00000,0,0.00000,0.00000,0,0.00000,0.00000
2,6,9,1,0.039000,0.170000,35.800,200.00,200.00,200.00,1,1,0.00,3,0,0.3900E-01,0.1700,0.0000,0,0,0,0,0,0,0.00000,0.00000,0,0.00000,0.00000,0,0.00000,0.00000,0,0.00000,0.00000,0,0.00000,0.00000,0,0.00000,0.00000
3,8,9,1,0.011900,0.100800,20.900,300.00,300.00,300.00,1,1,0.00,3,0,0.1190E-01,0.1008,0.0000,0,0,0,0,0,0,0.00000,0.00000,0,0.00000,0.00000,0,0.00000,0.00000,0,0.00000,0.00000,0,0.00000,0.00000,0,0.00000,0.00000
4,7,8,1,0.008500,0.072000,14.900,300.00,300.00,300.00,1,1,0.00,2,0,0.8500E-02,0.7200E-01,0.0000,0,0,0,0,0,0,0.00000,0.00000,0,0.00000,0.00000,0,0.00000,0.00000,0,0.00000,0.00000,0,0.00000,0.00000,0,0.00000,0.00000
5,7,5,1,0.032000,0.161000,30.600,200.00,200.00,200.00,1,1,0.00,1,0,0.3200E-01,0.1610,0.0000,0,0,0,0,0,0,0.00000,0.00000,0,0.00000,0.00000,0,0.00000,0.00000,0,0.00000,0.00000,0,0.00000,0.00000,0,0.00000,0.00000
