,BUS1,BUS2,BUS3,CI,G_MAG,B_MAG,WI1,WI2,WI3,WI_V,WI_A,ARE,OWN,NAME
0,2,7,0,1,0.000,0.000,1,1,0,0.000000,0.00000,2,0,0
1,3,9,0,1,0.000,0.000,1,1,0,0.000000,0.00000,3,0,0
2,1,4,0,1,0.000,0.000,1,1,0,0.000000,0.00000,1,0,0
